check,estimate,truth,absolute_error,tolerance,passed
frontdoor,0.15480611629413565,0.1550361437328064,0.0002300274386707324,0.02,True
proximal,0.1746156761824291,0.17134832897632413,0.00326734720610497,0.025,True
QBA,1.5446116308311364,1.55,0.005388369168863649,0.06,True
additive_SNMM_beta1,1.9917214230118838,2.0,0.008278576988116182,0.08,True
additive_SNMM_beta2,1.2191949029268039,1.2,0.019194902926803925,0.1,True
multiplicative_SNMM_beta1,0.44280892945381334,0.45,0.007191070546186673,0.06,True
multiplicative_SNMM_beta2,-0.24407630617217085,-0.25,0.005923693827829146,0.08,True
AFT_one_parameter,-0.4099999999999999,-0.4,0.009999999999999898,0.03,True
AFT_artificial_censoring,-0.346,-0.35,0.0040000000000000036,0.05,True
path_specific_frontdoor,0.6320506188135901,0.631549589636426,0.0005010291771641029,0.03,True
